企业名称,组织机构代码,资质证书,发证单位
深圳市万科房地产有限公司,192275227,深房开字(2014)001号,深圳市规划和国土资源委员会
佳兆业集团（深圳）有限公司,71520163-1,深房开字(2014)002号,深圳市规划和国土资源委员会
深圳招商房地产有限公司,192441811,深房开字(2014)003号,深圳市规划和国土资源委员会
深圳市星河房地产开发有限公司,279488831,深房开字(2014)004号,深圳市规划和国土资源委员会
深圳华侨城房地产有限公司,192177782,深房开字(2014)005号,深圳市规划和国土资源委员会
深圳市绿景房地产开发有限公司,19234917-7,深房开字(2014)006号,深圳市规划和国土资源委员会
深圳市信义房地产开发有限公司,72300775-9,深房开字(2014)007号,深圳市规划和国土资源委员会
深圳市城市建设开发(集团)公司,192191162,深房开字(2014)008号,深圳市规划和国土资源委员会
深圳市振业（集团）股份有限公司,618831041,深房开字(2014)009号,深圳市规划和国土资源委员会
深圳市中航长泰投资发展有限公司,73204780-8,深房开字(2014)010号,深圳市规划和国土资源委员会
和记黄埔地产（深圳）有限公司,708408028,深房开字(2014)011号,深圳市规划和国土资源委员会
深圳机场地产有限公司,19218147-4,深房开字(2014)012号,深圳市规划和国土资源委员会
中海地产集团有限公司,618832925,深房开字(2014)013号,深圳市规划和国土资源委员会
莱蒙房地产（深圳）有限公司,72473509-6,深房开字(2014)014号,深圳市规划和国土资源委员会
深圳市中洲宝城置业有限公司,77411643-7,深房开字(2014)015号,深圳市规划和国土资源委员会
卓越置业集团有限公司,618863254,深房开字(2014)016号,深圳市规划和国土资源委员会
深圳市兰江房地产开发有限公司,192269660,深房开字(2014)017号,深圳市规划和国土资源委员会
深圳市宏发房地产开发有限公司,75250496-5,深房开字(2014)018号,深圳市规划和国土资源委员会
深圳市京基房地产股份有限公司,192303320,深房开字(2014)019号,深圳市规划和国土资源委员会
深圳市农科房地产开发有限公司,192377565,深房开字(2014)020号,深圳市规划和国土资源委员会
深业南方地产（集团）有限公司,61884577-7,深房开字(2014)021号,深圳市规划和国土资源委员会
深圳和记黄埔龙岗地产有限公司,771630609,深房开字(2014)022号,深圳市规划和国土资源委员会
金地（集团）股份有限公司,19218163C,深房开字(2014)023号,深圳市规划和国土资源委员会
深圳市卓弘房地产开发有限公司,66850268-4,深房开字(2014)024号,深圳市规划和国土资源委员会
深圳市合正房地产集团有限公司,279286949,深房开字(2014)025号,深圳市规划和国土资源委员会
深圳中信航城房地产有限公司,68036525-6,深房开字(2014)026号,深圳市规划和国土资源委员会
深圳市信贤房地产开发有限公司,68759988-0,深房开字(2014)027号,深圳市规划和国土资源委员会
深圳市恒丰浩森房地产有限公司,79385170-1,深房开字(2014)028号,深圳市规划和国土资源委员会
深圳市锦绣江南投资有限公司,27953648-5,深房开字(2014)029号,深圳市规划和国土资源委员会
深圳市广兴源投资发展有限公司,75804800-3,深房开字(2014)030号,深圳市规划和国土资源委员会
深圳招商华侨城投资有限公司,76915231X,深房开字(2014)031号,深圳市规划和国土资源委员会
深圳市雅豪园投资有限公司,72304839-0,深房开字(2014)032号,深圳市规划和国土资源委员会
深圳市新世界房地产开发有限公司,279380118,深房开字(2014)033号,深圳市规划和国土资源委员会
华南国际工业原料城（深圳）有限公司,74324708-X,深房开字(2014)034号,深圳市规划和国土资源委员会
深圳市联路投资管理有限公司,73208994-4,深房开字(2014)035号,深圳市规划和国土资源委员会
深圳市勤诚达集团有限公司,27930883-7,深房开字(2014)036号,深圳市规划和国土资源委员会
深圳市蛇口湾厦实业股份有限公司,192442195,深房开字(2014)037号,深圳市规划和国土资源委员会
深圳市富通房地产集团有限公司,192485881,深房开字(2014)038号,深圳市规划和国土资源委员会
深圳市天健房地产开发实业有限公司,19219788X,深房开字(2014)039号,深圳市规划和国土资源委员会
深圳市新天时代投资有限公司,75250406-8,深房开字(2014)040号,深圳市规划和国土资源委员会
深圳市金龙房地产开发有限公司,192379157,深房开字(2014)041号,深圳市规划和国土资源委员会
深业泰然（集团）股份有限公司,192171866,深房开字(2014)042号,深圳市规划和国土资源委员会
深圳市西城雅筑置业有限公司,55389380-6,深房开字(2014)043号,深圳市规划和国土资源委员会
深圳市广业成投资发展有限公司,708458682,深房开字(2014)044号,深圳市规划和国土资源委员会
深圳市万科滨海房地产有限公司,56850121-1,深房开字(2014)045号,深圳市规划和国土资源委员会
深圳市榕江实业有限公司,192295754,深房开字(2014)046号,深圳市规划和国土资源委员会
深圳和记黄埔中航地产有限公司,757606047,深房开字(2014)047号,深圳市规划和国土资源委员会
深圳市投资控股有限公司,76756642-1,深房开字(2014)048号,深圳市规划和国土资源委员会
中粮地产（集团）股份有限公司,19224718-9,深房开字(2014)049号,深圳市规划和国土资源委员会
深圳市特发集团有限公司,19219419-5,深房开字(2014)050号,深圳市规划和国土资源委员会
深圳市鼎宏投资发展有限公司,75252806-X,深房开字(2014)051号,深圳市规划和国土资源委员会
大中华国际集团（中国）有限公司,61882490-9,深房开字(2014)052号,深圳市规划和国土资源委员会
深圳市嘉葆润房地产有限公司,733076627,深房开字(2014)053号,深圳市规划和国土资源委员会
深圳市潜龙实业集团有限公司,192223072,深房开字(2014)054号,深圳市规划和国土资源委员会
天基房地产开发（深圳）有限公司,76045591-3,深房开字(2014)055号,深圳市规划和国土资源委员会
深圳市物业发展(集团)股份有限公司,19217413-5,深房开字(2014)056号,深圳市规划和国土资源委员会
深圳一冶南方实业有限公司,19220442-9,深房开字(2014)057号,深圳市规划和国土资源委员会
深圳市天麒房地产发展有限公司,19239196-5,深房开字(2014)058号,深圳市规划和国土资源委员会
澳达实业发展（深圳）有限公司,61886881-3,深房开字(2014)059号,深圳市规划和国土资源委员会
深圳市龙岗天安数码新城有限公司,61893602X,深房开字(2014)060号,深圳市规划和国土资源委员会
深圳市阳基房地产开发有限公司,27935565-X,深房开字(2014)061号,深圳市规划和国土资源委员会
深圳市光彩置业有限公司,73881801X,深房开字(2014)062号,深圳市规划和国土资源委员会
深圳中海地产有限公司,618925427,深房开字(2014)063号,深圳市规划和国土资源委员会
深圳经济特区房地产（集团）股份有限公司,192179585,深房开字(2014)064号,深圳市规划和国土资源委员会
深圳市彭成地产有限公司,57313085-7,深房开字(2014)065号,深圳市规划和国土资源委员会
中信华南（集团）深圳有限公司,19247529-6,深房开字(2014)066号,深圳市规划和国土资源委员会
鸿荣源置业集团(深圳)有限公司,760494349,深房开字(2014)067号,深圳市规划和国土资源委员会
深圳市草围投资有限公司,69713993-3,深房开字(2014)068号,深圳市规划和国土资源委员会
深圳航空城（东部）实业有限公司,618843843,深房开字(2014)069号,深圳市规划和国土资源委员会
深圳市福中福房地产开发有限公司,192479756,深房开字(2014)070号,深圳市规划和国土资源委员会
深圳市金亨利实业集团有限公司,71524604-7,深房开字(2014)071号,深圳市规划和国土资源委员会
深圳市粤宝实业发展有限公司,279525807,深房开字(2014)072号,深圳市规划和国土资源委员会
深圳市承翰投资开发集团有限公司,71526117-5,深房开字(2014)073号,深圳市规划和国土资源委员会
深圳市满京华投资集团有限公司,70841564-X,深房开字(2014)074号,深圳市规划和国土资源委员会
深圳市阳光海滨投资有限公司,67483743-X,深房开字(2014)075号,深圳市规划和国土资源委员会
深圳市永晋盈投资有限公司,56423458-2,深房开字(2014)076号,深圳市规划和国土资源委员会
深圳市五联百合房地产开发有限公司,55865196-1,深房开字(2014)077号,深圳市规划和国土资源委员会
深圳市中熙房地产开发有限公司,79798025-2,深房开字(2014)078号,深圳市规划和国土资源委员会
深圳市君成投资发展有限公司,279291318,深房开字(2014)079号,深圳市规划和国土资源委员会
中粮地产集团深圳房地产开发有限公司,19248685-X,深房开字(2014)080号,深圳市规划和国土资源委员会
深圳市名居房地产有限公司,743225315,深房开字(2014)081号,深圳市规划和国土资源委员会
深圳市大贸股份有限公司,279522374,深房开字(2014)082号,深圳市规划和国土资源委员会
深圳市新润园房地产开发有限公司,777181322,深房开字(2014)083号,深圳市规划和国土资源委员会
深圳市润恒尚园房地产开发有限公司,56573864-3,深房开字(2014)084号,深圳市规划和国土资源委员会
深圳市南岭华业投资有限公司,79664708-7,深房开字(2014)085号,深圳市规划和国土资源委员会
深圳市鹏瑞地产开发有限公司,66268263-7,深房开字(2014)086号,深圳市规划和国土资源委员会
深圳市科之谷投资有限公司,61883103-3,深房开字(2014)087号,深圳市规划和国土资源委员会
深圳市鸿荣源房地产开发有限公司,715253861,深房开字(2014)088号,深圳市规划和国土资源委员会
深圳市荷康城房地产开发有限公司,55867459-X,深房开字(2014)089号,深圳市规划和国土资源委员会
深圳宝能华府置业有限公司,19232896-6,深房开字(2014)090号,深圳市规划和国土资源委员会
深圳市维百盛房地产开发有限公司,55986107-1,深房开字(2014)091号,深圳市规划和国土资源委员会
深圳市中核兴业实业有限公司,74323319-8,深房开字(2014)092号,深圳市规划和国土资源委员会
深圳润恒房地产开发集团有限公司,192481637,深房开字(2014)093号,深圳市规划和国土资源委员会
深圳市田厦房地产开发有限公司,79049291-8,深房开字(2014)094号,深圳市规划和国土资源委员会
深圳观澜湖房地产开发有限公司,618930197,深房开字(2014)095号,深圳市规划和国土资源委员会
深圳市新辉大实业发展有限公司,27945421-x,深房开字(2014)096号,深圳市规划和国土资源委员会
深圳市卓越康华贸易有限公司,58159895-1,深房开字(2014)097号,深圳市规划和国土资源委员会
深圳市南园枫叶投资有限公司,57196889-1,深房开字(2014)098号,深圳市规划和国土资源委员会
深圳市玉龙宫实业发展有限公司,19238682-4,深房开字(2014)099号,深圳市规划和国土资源委员会
深圳市建合恒投资有限公司,98765432-1,深房开字(2014)100号,深圳市规划和国土资源委员会
深圳市创展置地实业发展有限公司,192198022,深房开字(2014)101号,深圳市规划和国土资源委员会
深圳和记黄埔观澜地产有限公司,767588495,深房开字(2014)102号,深圳市规划和国土资源委员会
深圳市瑞恒投资发展有限公司,279314110,深房开字(2014)103号,深圳市规划和国土资源委员会
深圳市麟恒投资发展有限公司,73627680-0,深房开字(2014)104号,深圳市规划和国土资源委员会
深圳市集泰实业发展有限公司,27946046-8,深房开字(2014)105号,深圳市规划和国土资源委员会
深圳市华侨城酒店置业有限公司,56153607-5,深房开字(2014)106号,深圳市规划和国土资源委员会
深圳市金安业房地产开发有限公司,56850675-X,深房开字(2014)107号,深圳市规划和国土资源委员会
深圳市三新房地产开发有限公司,78656182-9,深房开字(2014)108号,深圳市规划和国土资源委员会
深圳市翡翠花园房地产开发有限公司,69710531-1,深房开字(2014)109号,深圳市规划和国土资源委员会
深圳东部华侨城有限公司,676677767,深房开字(2014)110号,深圳市规划和国土资源委员会
深圳兰亭房地产开发有限公司,76759840-7,深房开字(2014)111号,深圳市规划和国土资源委员会
深圳市武龙源房地产开发有限公司,774144761,深房开字(2014)112号,深圳市规划和国土资源委员会
深圳市恒和基房地产开发有限公司,783946299,深房开字(2014)113号,深圳市规划和国土资源委员会
深圳市五联将军帽房地产开发有限公司,56152861-4,深房开字(2014)114号,深圳市规划和国土资源委员会
深圳市荣超房地产开发有限公司,279424547,深房开字(2014)115号,深圳市规划和国土资源委员会
天安数码城（集团）有限公司,61881149-7,深房开字(2014)116号,深圳市规划和国土资源委员会
仁恒置地（深圳）有限公司,66706199-5,深房开字(2014)117号,深圳市规划和国土资源委员会
深圳市紫瑞房地产开发有限公司,79541460-1,深房开字(2014)118号,深圳市规划和国土资源委员会
深圳市高发投资控股有限公司,192190995,深房开字(2014)119号,深圳市规划和国土资源委员会
太阳世纪地产集团有限公司,72471397-0,深房开字(2014)120号,深圳市规划和国土资源委员会
深圳市世纪丰源投资发展有限公司,78392575-4,深房开字(2014)121号,深圳市规划和国土资源委员会
深圳市塘泰投资发展有限公司,56572823-4,深房开字(2014)122号,深圳市规划和国土资源委员会
深圳市地业房地产有限公司,279391837,深房开字(2014)123号,深圳市规划和国土资源委员会
深圳市福城投资（集团）有限公司,19220914-X,深房开字(2014)124号,深圳市规划和国土资源委员会
清蓝实业（深圳）有限公司,74320775-8,深房开字(2014)125号,深圳市规划和国土资源委员会
深圳市水榭花都房地产有限公司,76637514-8,深房开字(2014)126号,深圳市规划和国土资源委员会
深圳市展远房地产开发有限公司,68940298-1,深房开字(2014)127号,深圳市规划和国土资源委员会
深圳市京地投资发展有限公司,70843578X,深房开字(2014)128号,深圳市规划和国土资源委员会
深圳市鹏达房地产开发有限公司,279413629,深房开字(2014)129号,深圳市规划和国土资源委员会
深圳市东方置地集团有限公司,27952565-5,深房开字(2014)130号,深圳市规划和国土资源委员会
深圳市中银信置业有限公司,66709814-9,深房开字(2014)131号,深圳市规划和国土资源委员会
深圳市城市建设投资发展有限公司,45576897-2,深房开字(2014)132号,深圳市规划和国土资源委员会
深圳市新豪方房地产有限公司,71522928X,深房开字(2014)133号,深圳市规划和国土资源委员会
深圳市福东龙投资有限公司,68204151-1,深房开字(2014)134号,深圳市规划和国土资源委员会
深圳市心海投资发展有限公司,728572167,深房开字(2014)135号,深圳市规划和国土资源委员会
深圳市登程投资开发有限公司,19043984-9,深房开字(2014)136号,深圳市规划和国土资源委员会
深圳市龙富房地产开发有限公司,66854963-4,深房开字(2014)137号,深圳市规划和国土资源委员会
深圳市新生辉投资有限公司,74122388-5,深房开字(2014)138号,深圳市规划和国土资源委员会
深圳市山居假日房地产有限公司,797993723,深房开字(2014)139号,深圳市规划和国土资源委员会
深圳市佳华房地产开发有限公司,19248626X,深房开字(2014)140号,深圳市规划和国土资源委员会
深圳市海怡湾畔房地产开发有限公司,78392365-2,深房开字(2014)141号,深圳市规划和国土资源委员会
深圳天利地产集团有限公司,75425284-5,深房开字(2014)142号,深圳市规划和国土资源委员会
君豪实业发展（深圳）有限公司,61890846-7,深房开字(2014)143号,深圳市规划和国土资源委员会
深圳市东埔实业集团有限公司,19228027X,深房开字(2014)144号,深圳市规划和国土资源委员会
深圳市银海实业有限公司,192215128,深房开字(2014)145号,深圳市规划和国土资源委员会
新锦安实业发展（深圳）有限公司,618903332,深房开字(2014)146号,深圳市规划和国土资源委员会
深圳市嘉旺城投资有限公司,77557712-0,深房开字(2014)147号,深圳市规划和国土资源委员会
深圳市金地利投资有限公司,738848040,深房开字(2014)148号,深圳市规划和国土资源委员会
俊荣发展（深圳）有限公司,726161823,深房开字(2014)149号,深圳市规划和国土资源委员会
深圳市绿洲丰和投资发展有限公司,77164433-0,深房开字(2014)150号,深圳市规划和国土资源委员会
深圳南油房地产有限公司,618841098,深房开字(2014)151号,深圳市规划和国土资源委员会
深圳市盛善投资有限公司,56851223-6,深房开字(2014)152号,深圳市规划和国土资源委员会
港丰房地产开发（深圳）有限公司,70844110-0,深房开字(2014)153号,深圳市规划和国土资源委员会
深圳市深润川实业有限公司,75567443-3,深房开字(2014)154号,深圳市规划和国土资源委员会
深圳市地铁集团有限公司,70843787-3,深房开字(2014)155号,深圳市规划和国土资源委员会
深圳市同和工贸有限公司,61929281X,深房开字(2014)156号,深圳市规划和国土资源委员会
深圳市华嵘投资集团有限公司,27931301-1,深房开字(2014)157号,深圳市规划和国土资源委员会
深圳市铭兴实业集团有限公司,71524453-5,深房开字(2014)158号,深圳市规划和国土资源委员会
深圳市锦成龙实业有限公司,76498046-7,深房开字(2014)159号,深圳市规划和国土资源委员会
深圳市嘉盛城投资有限公司,19247303-9,深房开字(2014)160号,深圳市规划和国土资源委员会
深圳市城市假日房地产开发有限公司,766354646,深房开字(2014)161号,深圳市规划和国土资源委员会
深圳市花样年房地产开发有限公司,78831288-5,深房开字(2014)162号,深圳市规划和国土资源委员会
深圳西帝房地产开发有限公司,745155541,深房开字(2014)163号,深圳市规划和国土资源委员会
深圳宝源创建有限公司,79174985-0,深房开字(2014)164号,深圳市规划和国土资源委员会
深圳市城龙房地产开发有限公司,979650836,深房开字(2014)165号,深圳市规划和国土资源委员会
深圳市鹏宝东物业发展有限公司,192478948,深房开字(2014)166号,深圳市规划和国土资源委员会
深圳市泰业投资有限公司,79921089-7,深房开字(2014)167号,深圳市规划和国土资源委员会
深圳市友盛置业有限公司,734171052,深房开字(2014)168号,深圳市规划和国土资源委员会
深圳市金城光明房地产有限公司,66265351-0,深房开字(2014)169号,深圳市规划和国土资源委员会
宝能地产股份有限公司,73883331-6,深房开字(2014)170号,深圳市规划和国土资源委员会
深圳市田厦实业股份有限公司,192410484,深房开字(2014)171号,深圳市规划和国土资源委员会
招商局蛇口工业区有限公司,10001146-0,深房开字(2014)172号,深圳市规划和国土资源委员会
深圳市世纪旭源投资发展有限公司,57313048-6,深房开字(2014)173号,深圳市规划和国土资源委员会
深圳广容丰投资发展有限公司,79173951-3,深房开字(2014)174号,深圳市规划和国土资源委员会
深圳市华盛置业有限公司,69119952-1,深房开字(2014)175号,深圳市规划和国土资源委员会
深圳市桐林房地产开发有限公司,69906032-1,深房开字(2014)176号,深圳市规划和国土资源委员会
宝安鸿基地产集团股份有限公司,19217441-X,深房开字(2014)177号,深圳市规划和国土资源委员会
深业鹏基（集团）有限公司,190338159,深房开字(2014)178号,深圳市规划和国土资源委员会
深圳市优地房地产开发有限公司,77879427-8,深房开字(2014)179号,深圳市规划和国土资源委员会
鼎太房地产开发（深圳）有限公司,618929938,深房开字(2014)180号,深圳市规划和国土资源委员会
深圳市力基房地产有限公司,66265389-5,深房开字(2014)181号,深圳市规划和国土资源委员会
深圳市博众投资有限公司,56277670-8,深房开字(2014)182号,深圳市规划和国土资源委员会
深圳市龙光房地产有限公司,750466854,深房开字(2014)183号,深圳市规划和国土资源委员会
华润（深圳）有限公司,10001857-4,深房开字(2014)184号,深圳市规划和国土资源委员会
东港实业发展（深圳）有限公司,61892474-X,深房开字(2014)185号,深圳市规划和国土资源委员会
深圳市中航城置业发展有限公司,67666793-3,深房开字(2014)186号,深圳市规划和国土资源委员会
深圳市耀都房地产开发有限公司,77163394-4,深房开字(2014)187号,深圳市规划和国土资源委员会
深圳南海益田置业有限公司,708478085,深房开字(2014)188号,深圳市规划和国土资源委员会
振昌实业（深圳）有限公司,618862411,深房开字(2014)189号,深圳市规划和国土资源委员会
深圳西丽高尔夫球俱乐部有限公司,618856011,深房开字(2014)190号,深圳市规划和国土资源委员会
深圳市金海港实业有限公司,73415875-5,深房开字(2014)191号,深圳市规划和国土资源委员会
深圳市港信达投资发展有限公司,75252933-7,深房开字(2014)192号,深圳市规划和国土资源委员会
宝城物业管理（深圳）有限公司,76048128-1,深房开字(2014)193号,深圳市规划和国土资源委员会
深圳市龙园山庄实业发展有限公司,279259529,深房开字(2014)194号,深圳市规划和国土资源委员会
深圳深业物流集团股份有限公司,618800931,深房开字(2014)195号,深圳市规划和国土资源委员会
深圳华讯伟鸿房地产开发有限公司,77033816-3,深房开字(2014)196号,深圳市规划和国土资源委员会
深圳市红荷房地产开发有限公司,56852016-4,深房开字(2014)197号,深圳市规划和国土资源委员会
深圳市赐福贸易有限公司,66269714-2,深房开字(2014)198号,深圳市规划和国土资源委员会
深圳市花样年地产集团有限公司,27927632-9,深房开字(2014)199号,深圳市规划和国土资源委员会
深圳新安湖实业有限公司,61882288-2,深房开字(2014)200号,深圳市规划和国土资源委员会
深圳市宝安宝利来实业有限公司,192503306,深房开字(2014)201号,深圳市规划和国土资源委员会
深圳市深房集团龙岗开发有限公司,279522091,深房开字(2014)202号,深圳市规划和国土资源委员会
深圳市俊城房地产开发有限公司,76636249-4,深房开字(2014)203号,深圳市规划和国土资源委员会
深圳茂业（集团）股份有限公司,618890922,深房开字(2014)204号,深圳市规划和国土资源委员会
深圳市教新实业有限公司,72473490-7,深房开字(2014)205号,深圳市规划和国土资源委员会
深圳市和正泰投资发展有限公司,67665160-4,深房开字(2014)206号,深圳市规划和国土资源委员会
深圳市华明辉置业有限公司,192274902,深房开字(2014)207号,深圳市规划和国土资源委员会
深圳市创建业房地产开发有限公司,71525704-5,深房开字(2014)208号,深圳市规划和国土资源委员会
深圳市润创兴投资有限公司,68534961-x,深房开字(2014)209号,深圳市规划和国土资源委员会
深圳市华来利投资控股（集团）有限公司,279396718,深房开字(2014)210号,深圳市规划和国土资源委员会
深圳市东浩荣房地产开发有限公司,7917099-3,深房开字(2014)211号,深圳市规划和国土资源委员会
深圳市众联业贸易有限公司,70849373-6,深房开字(2014)212号,深圳市规划和国土资源委员会
深圳天俊实业股份有限公司,617404195,深房开字(2014)213号,深圳市规划和国土资源委员会
沙河实业股份有限公司,61880167-8,深房开字(2014)214号,深圳市规划和国土资源委员会
深圳市玉湖房地产开发有限公司,79258716-0,深房开字(2014)215号,深圳市规划和国土资源委员会
深圳市世博海滨实业发展有限公司,743230288,深房开字(2014)216号,深圳市规划和国土资源委员会
深圳市致远房地产开发有限公司,74664550-X,深房开字(2014)217号,深圳市规划和国土资源委员会
深圳市东海成投资有限公司,75047264-8,深房开字(2014)218号,深圳市规划和国土资源委员会
深圳市尚模发展有限公司,27929595X,深房开字(2014)219号,深圳市规划和国土资源委员会
深圳市地健工程有限公司,-4403010000000,深房开字(2014)220号,深圳市规划和国土资源委员会
深圳市新南宝恒投资发展有限公司,59776187-2,深房开字(2014)221号,深圳市规划和国土资源委员会
深圳恒丰房地产有限公司,618821812,深房开字(2014)222号,深圳市规划和国土资源委员会
深圳卓越世纪城房地产开发有限公司,61887977-4,深房开字(2014)223号,深圳市规划和国土资源委员会
深圳市深冠华投资发展有限公司,708422559,深房开字(2014)224号,深圳市规划和国土资源委员会
深圳东海集团有限公司,618828838,深房开字(2014)225号,深圳市规划和国土资源委员会
深圳市银星房地产开发有限公司,82901950,深房开字(2014)226号,深圳市规划和国土资源委员会
永泰辉印刷（深圳）有限公司,618853275,深房开字(2014)227号,深圳市规划和国土资源委员会
深圳市屹海达实业有限公司,19220754X,深房开字(2014)228号,深圳市规划和国土资源委员会
深业泰富物流集团股份有限公司,79923797-2,深房开字(2014)229号,深圳市规划和国土资源委员会
深圳市深福保（集团）有限公司,27938458-1,深房开字(2014)230号,深圳市规划和国土资源委员会
深圳市富腾投资发展有限公司,56706933-2,深房开字(2014)231号,深圳市规划和国土资源委员会
深圳市招商创业有限公司,70844202-3,深房开字(2014)232号,深圳市规划和国土资源委员会
深圳市鼎胜投资有限公司,77273675-5,深房开字(2014)233号,深圳市规划和国土资源委员会
深圳市海源实业股份有限公司,19231150-7,深房开字(2014)234号,深圳市规划和国土资源委员会
深圳市金盛丰贸易有限公司,71521434-4,深房开字(2014)235号,深圳市规划和国土资源委员会
中国宝安集团股份有限公司,19219665X,深房开字(2014)236号,深圳市规划和国土资源委员会
深圳市金众地产集团有限公司,19218925-7,深房开字(2014)237号,深圳市规划和国土资源委员会
嘉里置业（深圳）有限公司,741236504,深房开字(2014)238号,深圳市规划和国土资源委员会
深圳市建设（集团）有限公司,757627403,深房开字(2014)239号,深圳市规划和国土资源委员会
世纪海景集团（深圳）有限公司,27952112-8,深房开字(2014)240号,深圳市规划和国土资源委员会
深圳市中林实业发展有限公司,73625952-5,深房开字(2014)241号,深圳市规划和国土资源委员会
深圳市皇城地产有限公司,192184835,深房开字(2014)242号,深圳市规划和国土资源委员会
深圳市东部开发（集团）有限公司,192189740,深房开字(2014)243号,深圳市规划和国土资源委员会
深圳市山海园林有限公司,192183066,深房开字(2014)244号,深圳市规划和国土资源委员会
深圳市金阳成置业发展有限公司,78391567-9,深房开字(2014)245号,深圳市规划和国土资源委员会
深圳市建安（集团）股份有限公司,19219737-X,深房开字(2014)246号,深圳市规划和国土资源委员会
正兴隆房地产（深圳）有限公司,61893441-1,深房开字(2014)247号,深圳市规划和国土资源委员会
深圳市百纳投资有限公司,70843537-6,深房开字(2014)248号,深圳市规划和国土资源委员会
华业发展（深圳）有限公司,61885741-X,深房开字(2014)249号,深圳市规划和国土资源委员会
深圳市皇庭房地产开发有限公司,76498972-8,深房开字(2014)250号,深圳市规划和国土资源委员会
深圳市福田房地产有限公司,192181554,深房开字(2014)251号,深圳市规划和国土资源委员会
深圳市大综艺房地产开发有限公司,192316455,深房开字(2014)252号,深圳市规划和国土资源委员会
深圳市天居置业有限公司,78923368-7,深房开字(2014)253号,深圳市规划和国土资源委员会
深圳市中洲投资控股股份有限公司,19219076-8,深房开字(2014)254号,深圳市规划和国土资源委员会
百仕达地产有限公司,61883516-5,深房开字(2014)255号,深圳市规划和国土资源委员会
深圳坪山招商房地产有限公司,06497743-5,深房开字(2014)256号,深圳市规划和国土资源委员会
深圳市华联置业集团有限公司,19219910-5,深房开字(2014)257号,深圳市规划和国土资源委员会
深圳市美地佳置业有限公司,79046418-3,深房开字(2014)258号,深圳市规划和国土资源委员会
深圳市恒隆泰房地产开发有限公司,71521252-7,深房开字(2014)259号,深圳市规划和国土资源委员会
深圳市合能房地产开发有限公司,192486067,深房开字(2014)260号,深圳市规划和国土资源委员会
民生东都深圳房地产开发有限公司,279522016,深房开字(2014)261号,深圳市规划和国土资源委员会
深圳市鼎昌实业有限公司,279459803,深房开字(2014)262号,深圳市规划和国土资源委员会
深圳市龙康弘投资发展有限公司,27930762-3,深房开字(2014)263号,深圳市规划和国土资源委员会
深圳市万年青投资发展有限公司,72470164-6,深房开字(2014)264号,深圳市规划和国土资源委员会
深圳市南山罐头厂有限公司,89217224-5,深房开字(2014)265号,深圳市规划和国土资源委员会
深圳拓劲房地产开发有限公司,708436969,深房开字(2014)266号,深圳市规划和国土资源委员会
深圳市光大房地产开发有限公司,78656646-X,深房开字(2014)267号,深圳市规划和国土资源委员会
深圳市方华房地产开发有限公司,192486075,深房开字(2014)268号,深圳市规划和国土资源委员会
深圳市岗宏集团有限公司,279266163,深房开字(2014)269号,深圳市规划和国土资源委员会
深圳市宇宏投资集团有限公司,27924476-5,深房开字(2014)270号,深圳市规划和国土资源委员会
深圳新浩房地产有限公司,618877162,深房开字(2014)271号,深圳市规划和国土资源委员会
深圳市金地宝城房地产开发有限公司,56706530-7,深房开字(2014)272号,深圳市规划和国土资源委员会
深圳市闽泰房地产开发有限公司,715224702,深房开字(2014)273号,深圳市规划和国土资源委员会
深圳妈湾电力有限公司,61881670-6,深房开字(2014)274号,深圳市规划和国土资源委员会
深圳市裕德丰投资发展有限公司,79387417-X,深房开字(2014)275号,深圳市规划和国土资源委员会
深圳市宝安区福永物业发展总公司,192479780,深房开字(2014)276号,深圳市规划和国土资源委员会
深圳市阳光华艺房地产有限公司,736292536,深房开字(2014)277号,深圳市规划和国土资源委员会
深圳市方鼎实业投资发展有限公司,754263472,深房开字(2014)278号,深圳市规划和国土资源委员会
深圳市宏发投资集团有限公司,19248120-7,深房开字(2014)279号,深圳市规划和国土资源委员会
深圳市阳光丽安投资有限公司,66585355-0,深房开字(2014)280号,深圳市规划和国土资源委员会
深圳市铭景实业有限公司,279262701,深房开字(2014)281号,深圳市规划和国土资源委员会
深圳耀华创建房地产发展有限公司,791703596,深房开字(2014)282号,深圳市规划和国土资源委员会
深圳市德业基投资集团有限公司,279534930,深房开字(2014)283号,深圳市规划和国土资源委员会
深圳市盐田港集团有限公司,19219255-2,深房开字(2014)284号,深圳市规划和国土资源委员会
深圳市兆和置地投资有限公司,59185534-1,深房开字(2014)285号,深圳市规划和国土资源委员会
深圳市安鸿业房地产开发有限公司,66265171-8,深房开字(2014)286号,深圳市规划和国土资源委员会
深圳市市政工程总公司,19219039-7,深房开字(2014)287号,深圳市规划和国土资源委员会
深圳市志联佳实业有限公司,192349636,深房开字(2014)288号,深圳市规划和国土资源委员会
深圳卓越房地产开发有限公司,746610307,深房开字(2014)289号,深圳市规划和国土资源委员会
深国投商用置业（集团）有限公司,74887039-9,深房开字(2014)290号,深圳市规划和国土资源委员会
中航地产股份有限公司,19218124-7,深房开字(2014)291号,深圳市规划和国土资源委员会
深圳中信红树湾房地产有限公司,752539885,深房开字(2014)292号,深圳市规划和国土资源委员会
深圳华强广场控股有限公司,61892679-6,深房开字(2014)293号,深圳市规划和国土资源委员会
深圳市新安上合股份合作公司,19247691-8,深房开字(2014)294号,深圳市规划和国土资源委员会
深圳市新世界投资有限公司,72715444-9,深房开字(2014)295号,深圳市规划和国土资源委员会
深圳市联泰房地产开发有限公司,279430947,深房开字(2014)296号,深圳市规划和国土资源委员会
深圳市惠明盛房地产投资开发有限公司,72471483-4,深房开字(2014)297号,深圳市规划和国土资源委员会
深圳金光华实业集团有限公司,192356131,深房开字(2014)298号,深圳市规划和国土资源委员会
深圳市众冠股份有限公司,192410919,深房开字(2014)299号,深圳市规划和国土资源委员会
深圳市金地北城房地产开发有限公司,69558679-9,深房开字(2014)300号,深圳市规划和国土资源委员会
深圳玮鹏实业有限公司,618895328,深房开字(2014)301号,深圳市规划和国土资源委员会
中国南山开发（集团）股份有限公司,618832976,深房开字(2014)302号,深圳市规划和国土资源委员会
深圳市金地旧城改造开发有限公司,774143101,深房开字(2014)303号,深圳市规划和国土资源委员会
深圳新亚洲实业发展有限公司,618912394,深房开字(2014)304号,深圳市规划和国土资源委员会
深圳市奥康德投资开发有限公司,192172885,深房开字(2014)305号,深圳市规划和国土资源委员会
深圳市安业置业发展有限公司,778757979,深房开字(2014)306号,深圳市规划和国土资源委员会
深圳九矿企业机械地盘工程公司,61881716X,深房开字(2014)307号,深圳市规划和国土资源委员会
深圳融发投资有限公司,618867239,深房开字(2014)308号,深圳市规划和国土资源委员会
中国广东核电集团有限公司,10001694-X,深房开字(2014)309号,深圳市规划和国土资源委员会
深圳市国贸汽车实业有限公司,19217731-X,深房开字(2014)310号,深圳市规划和国土资源委员会
深圳市中航城投资有限公司,27934084-5,深房开字(2014)311号,深圳市规划和国土资源委员会
深圳市宏明国际地产开发有限公司,618802814,深房开字(2014)312号,深圳市规划和国土资源委员会
深圳市福田环庆实业股份有限公司,192360026,深房开字(2014)313号,深圳市规划和国土资源委员会
深圳市富源房地产开发有限公司,19240798X,深房开字(2014)314号,深圳市规划和国土资源委员会
深圳卓越酒店管理有限公司,78657985-0,深房开字(2014)315号,深圳市规划和国土资源委员会
深圳市海岸房地产开发有限公司,192484416,深房开字(2014)316号,深圳市规划和国土资源委员会
深圳市德基房地产开发有限公司,79046439-4,深房开字(2014)317号,深圳市规划和国土资源委员会
深圳冠懋房地产集团有限公司,70843916-6,深房开字(2014)318号,深圳市规划和国土资源委员会
深圳市巨银诚信投资发展有限公司,71527984-2,深房开字(2014)319号,深圳市规划和国土资源委员会
深圳市宝嘉新投资有限公司,279276150,深房开字(2014)320号,深圳市规划和国土资源委员会
深圳市森之润投资发展有限公司,74324324-9,深房开字(2014)321号,深圳市规划和国土资源委员会
深圳市宏达同实业有限公司,27927368-9,深房开字(2014)322号,深圳市规划和国土资源委员会
深圳市万悦房地产开发有限公司,19247988-7,深房开字(2014)323号,深圳市规划和国土资源委员会
深圳市雪霖集团有限公司,71526273-3,深房开字(2014)324号,深圳市规划和国土资源委员会
深圳市嘉晨房地产投资有限公司,74889364-6,深房开字(2014)325号,深圳市规划和国土资源委员会
深圳市金利居房地产开发有限公司,19235064-5,深房开字(2014)326号,深圳市规划和国土资源委员会
深圳市南油开发建设有限公司,61888037X,深房开字(2014)327号,深圳市规划和国土资源委员会
深圳市新洲实业股份有限公司,192360165,深房开字(2014)328号,深圳市规划和国土资源委员会
深圳市聚龙湾投资发展有限公司,74885706-3,深房开字(2014)329号,深圳市规划和国土资源委员会
深圳市禾田居投资有限公司,715262012,深房开字(2014)330号,深圳市规划和国土资源委员会
中海信科技开发（深圳）有限公司,73112719-5,深房开字(2014)331号,深圳市规划和国土资源委员会
深圳市深港数码科技有限公司,72986669-3,深房开字(2014)332号,深圳市规划和国土资源委员会
深圳市汇港城投资有限公司,70844257-6,深房开字(2014)333号,深圳市规划和国土资源委员会
深圳西京实业发展有限公司,618926841,深房开字(2014)334号,深圳市规划和国土资源委员会
深圳市诚略实业发展有限公司,73111061-7,深房开字(2014)335号,深圳市规划和国土资源委员会
深圳市合成隆实业开发有限公司,19241032-9,深房开字(2014)336号,深圳市规划和国土资源委员会
深圳市水围实业股份有限公司,192181677,深房开字(2014)337号,深圳市规划和国土资源委员会
深圳市龙华经济发展有限公司,19247573-9,深房开字(2014)338号,深圳市规划和国土资源委员会
深圳信和（集团）有限公司,618883837,深房开字(2014)339号,深圳市规划和国土资源委员会
深圳市深沙保（集团）有限公司,715270717,深房开字(2014)340号,深圳市规划和国土资源委员会
深圳市发中实业有限公司,279581884,深房开字(2014)341号,深圳市规划和国土资源委员会
广东恒丰投资集团有限公司,61743734-1,深房开字(2014)342号,深圳市规划和国土资源委员会
商凯集团（深圳）有限公司,618847983,深房开字(2014)343号,深圳市规划和国土资源委员会
深圳世纪星源物业发展有限公司,618851026,深房开字(2014)344号,深圳市规划和国土资源委员会
深圳市仁贵投资发展有限公司,74887279X,深房开字(2014)345号,深圳市规划和国土资源委员会
中海宝松物业发展（深圳）有限公司,777166368,深房开字(2014)346号,深圳市规划和国土资源委员会
鼎太风华房地产开发(深圳)有限公司,754285225,深房开字(2014)347号,深圳市规划和国土资源委员会
深圳市瑞荣达实业有限公司,71526760-6,深房开字(2014)348号,深圳市规划和国土资源委员会
深圳市宝盛实业有限公司,19247474-4,深房开字(2014)349号,深圳市规划和国土资源委员会
深圳拓万房地产开发有限公司,618935561,深房开字(2014)350号,深圳市规划和国土资源委员会
深圳市中洲房地产有限公司,279308415,深房开字(2014)351号,深圳市规划和国土资源委员会
深圳市光明集团有限公司,19247440-2,深房开字(2014)352号,深圳市规划和国土资源委员会
深圳中核集团有限公司,192211776,深房开字(2014)353号,深圳市规划和国土资源委员会
深圳市湖贝实业股份有限公司,192310563,深房开字(2014)354号,深圳市规划和国土资源委员会
深圳兴辽实业有限公司,192252877,深房开字(2014)355号,深圳市规划和国土资源委员会
深圳市东华实业（集团）有限公司,192189468,深房开字(2014)356号,深圳市规划和国土资源委员会
深圳市龙岗鸿基房地产开发有限公司,279523561,深房开字(2014)357号,深圳市规划和国土资源委员会
深圳市龙井实业股份有限公司,19220935-0,深房开字(2014)358号,深圳市规划和国土资源委员会
深圳市英龙置业有限公司,27941447-X,深房开字(2014)359号,深圳市规划和国土资源委员会
深圳市永长润实业有限公司,72470838-9,深房开字(2014)360号,深圳市规划和国土资源委员会
深圳市广森投资集团有限公司,279383730,深房开字(2014)361号,深圳市规划和国土资源委员会
北方工业深圳投资有限公司,75864174-1,深房开字(2014)362号,深圳市规划和国土资源委员会
深圳市建艺实业股份有限公司,192194689,深房开字(2014)363号,深圳市规划和国土资源委员会
深圳市安联投资有限公司,73626595X,深房开字(2014)364号,深圳市规划和国土资源委员会
深圳市鸿荣源实业有限公司,192466066,深房开字(2014)365号,深圳市规划和国土资源委员会
深圳市中海海景山庄物业发展有限公司,715239621,深房开字(2014)366号,深圳市规划和国土资源委员会
深联实业（深圳）有限公司,618921565,深房开字(2014)367号,深圳市规划和国土资源委员会
深圳市松茂房地产集团有限公司,19246601-5,深房开字(2014)368号,深圳市规划和国土资源委员会
深圳市盐田区城建集团有限公司,19218179X,深房开字(2014)369号,深圳市规划和国土资源委员会
今盛工程管理咨询（深圳）有限公司,72854912-7,深房开字(2014)370号,深圳市规划和国土资源委员会
深圳市天集开投资发展有限公司,74888078-1,深房开字(2014)371号,深圳市规划和国土资源委员会
深圳市大工业区（深圳出口加工区）开发管理集团有限公司,19243808-1,深房开字(2014)372号,深圳市规划和国土资源委员会
深圳市康年科技有限公司,79798917-7,深房开字(2014)373号,深圳市规划和国土资源委员会
深圳市琳珠园林有限公司,192318805,深房开字(2014)374号,深圳市规划和国土资源委员会
深圳市金地住宅开发有限公司,618939175,深房开字(2014)375号,深圳市规划和国土资源委员会
深圳市时代财富实业集团有限公司,708482746,深房开字(2014)376号,深圳市规划和国土资源委员会
深圳市运发集团股份有限公司,19218192-5,深房开字(2014)377号,深圳市规划和国土资源委员会
泰华房地产（中国）有限公司,618800405,深房开字(2014)378号,深圳市规划和国土资源委员会
深圳市物业房地产开发有限公司,192174565,深房开字(2014)379号,深圳市规划和国土资源委员会
深圳市华盛业投资有限公司,79389679-0,深房开字(2014)380号,深圳市规划和国土资源委员会
深圳市前海股份有限公司,192410927,深房开字(2014)381号,深圳市规划和国土资源委员会
深圳市万科九州房地产开发有限公司,07123904-6,深房开字(2014)382号,深圳市规划和国土资源委员会
深圳市林江房地产有限公司,708411921,深房开字(2014)383号,深圳市规划和国土资源委员会
深圳中海信和地产开发有限公司,760470582,深房开字(2014)384号,深圳市规划和国土资源委员会
深圳市光彩红投资控股有限公司,279538149,深房开字(2014)385号,深圳市规划和国土资源委员会
深圳市世之鼎实业有限公司,70846662-3,深房开字(2014)386号,深圳市规划和国土资源委员会
深圳博林集团有限公司,61892401-0,深房开字(2014)387号,深圳市规划和国土资源委员会
深圳市翔奥投资发展有限公司,731139217,深房开字(2014)388号,深圳市规划和国土资源委员会
深圳市粤国投资发展有限公司,192278663,深房开字(2014)389号,深圳市规划和国土资源委员会
深圳市宝发投资有限公司,618836029,深房开字(2014)390号,深圳市规划和国土资源委员会
深圳市坪宇物业发展有限公司,19248107-1,深房开字(2014)391号,深圳市规划和国土资源委员会
深圳市和诚鸿业投资发展有限公司,67296292-3,深房开字(2014)392号,深圳市规划和国土资源委员会
深圳市广盛荣投资有限公司,76199049-1,深房开字(2014)393号,深圳市规划和国土资源委员会
深圳市鸿翔实业有限公司,279337371,深房开字(2014)394号,深圳市规划和国土资源委员会
深圳市恒运泰控股集团有限公司,27946823-2,深房开字(2014)395号,深圳市规划和国土资源委员会
深圳市香江置业有限公司,79045468-X,深房开字(2014)396号,深圳市规划和国土资源委员会
深圳锦峰集团有限公司,192361088,深房开字(2014)397号,深圳市规划和国土资源委员会
深圳市华讯伟业房地产开发有限公司,750460241,深房开字(2014)398号,深圳市规划和国土资源委员会
深圳市康达尔（集团）房地产开发有限公司,192481848,深房开字(2014)399号,深圳市规划和国土资源委员会
深圳市泰富华投资发展有限公司,27939793X,深房开字(2014)400号,深圳市规划和国土资源委员会
深圳市中航华城置业发展有限公司,67669870-1,深房开字(2014)401号,深圳市规划和国土资源委员会
三科控股集团有限公司,27929333-X,深房开字(2014)402号,深圳市规划和国土资源委员会
深圳市联投置地有限公司,78924063-3,深房开字(2014)403号,深圳市规划和国土资源委员会
深圳市六和房地产开发有限公司,77164675-8,深房开字(2014)404号,深圳市规划和国土资源委员会
深圳恒安房地产开发有限公司,618842816,深房开字(2014)405号,深圳市规划和国土资源委员会
深圳市深宝实业股份有限公司,192180754,深房开字(2014)406号,深圳市规划和国土资源委员会
深圳市华兴广实业有限公司,19239123-6,深房开字(2014)407号,深圳市规划和国土资源委员会
深圳市金海港房地产开发有限公司,728576256,深房开字(2014)408号,深圳市规划和国土资源委员会
深圳市大冲实业股份有限公司,192410169,深房开字(2014)409号,深圳市规划和国土资源委员会
深圳市联城地产发展有限公司,618800472,深房开字(2014)410号,深圳市规划和国土资源委员会
杨富实业（深圳）有限公司,61880977-6,深房开字(2014)411号,深圳市规划和国土资源委员会
深圳市金利源投资发展有限公司,77273216-4,深房开字(2014)412号,深圳市规划和国土资源委员会
深圳市嘉福房地产开发有限公司,77414277-4,深房开字(2014)413号,深圳市规划和国土资源委员会
深圳市广海投资有限公司,734148661,深房开字(2014)414号,深圳市规划和国土资源委员会
深圳市田心实业股份有限公司,192310504,深房开字(2014)415号,深圳市规划和国土资源委员会
深圳中航城发展有限公司,192194005,深房开字(2014)416号,深圳市规划和国土资源委员会
深圳祥祺房地产开发有限公司,708407682,深房开字(2014)417号,深圳市规划和国土资源委员会
深圳市建信锋源实业有限公司,19219101-5,深房开字(2014)418号,深圳市规划和国土资源委员会
壹方置业（深圳）有限公司,78390483-0,深房开字(2014)419号,深圳市规划和国土资源委员会
深圳万骏房地产开发有限公司,792574298,深房开字(2014)420号,深圳市规划和国土资源委员会
深圳市屹海达投资有限公司,75763452-3,深房开字(2014)421号,深圳市规划和国土资源委员会
深圳市金鹏兴实业有限公司,74661297-8,深房开字(2014)422号,深圳市规划和国土资源委员会
深圳市中添威商贸有限公司,79386337-4,深房开字(2014)423号,深圳市规划和国土资源委员会
深圳市旺海怡康实业发展有限公司,19229249X,深房开字(2014)424号,深圳市规划和国土资源委员会
深圳市桑泰房地产开发有限公司,758638083,深房开字(2014)425号,深圳市规划和国土资源委员会
运泰建业置业（深圳）有限公司,66419183-1,深房开字(2014)426号,深圳市规划和国土资源委员会
深圳市李朗业兴实业有限公司,192480001,深房开字(2014)427号,深圳市规划和国土资源委员会
深圳市金安城投资发展有限公司,73628195-X,深房开字(2014)428号,深圳市规划和国土资源委员会
深圳市鹏城房地产开发有限公司,192176317,深房开字(2014)429号,深圳市规划和国土资源委员会
深圳市志健实业有限公司,279537656,深房开字(2014)430号,深圳市规划和国土资源委员会
深圳市汇泰实业有限公司,192195227,深房开字(2014)431号,深圳市规划和国土资源委员会
深圳市夏浦光电技术有限公司,78135948-8,深房开字(2014)432号,深圳市规划和国土资源委员会
深圳康发发展公司,192201375,深房开字(2014)433号,深圳市规划和国土资源委员会
深圳航天地产发展有限公司,741216300,深房开字(2014)434号,深圳市规划和国土资源委员会
深圳市泰富华天峦湖置业有限公司,06389482-2,深房开字(2014)435号,深圳市规划和国土资源委员会
深圳市长城物流有限公司,19219586-8,深房开字(2014)436号,深圳市规划和国土资源委员会
深圳市金华南巴士股份有限公司,19241064-4,深房开字(2014)437号,深圳市规划和国土资源委员会
深圳市恒祥基房地产开发建设有限公司,279522200,深房开字(2014)438号,深圳市规划和国土资源委员会
华润深圳湾发展有限公司,68378644-3,深房开字(2014)439号,深圳市规划和国土资源委员会
深圳市益田集团股份有限公司,19241575-2,深房开字(2014)440号,深圳市规划和国土资源委员会
深圳市津联泰投资有限公司,729844988,深房开字(2014)441号,深圳市规划和国土资源委员会
深圳市万鸿嘉投资发展有限公司,55032907-0,深房开字(2014)442号,深圳市规划和国土资源委员会
深圳市蛇口湾厦置业有限公司,12345678-9,深房开字(2014)443号,深圳市规划和国土资源委员会
深圳市超卓投资发展有限公司,750496797,深房开字(2014)444号,深圳市规划和国土资源委员会
深圳市富通房地产开发投资有限公司,279430840,深房开字(2014)445号,深圳市规划和国土资源委员会
深圳市宝鼎威物流有限公司,757646129,深房开字(2014)446号,深圳市规划和国土资源委员会
深圳市蓝湾房地产开发有限公司,192475587,深房开字(2014)447号,深圳市规划和国土资源委员会
深圳市厦村房地产开发有限公司,57312515-0,深房开字(2014)448号,深圳市规划和国土资源委员会
深圳市渔丰实业股份有限公司,19231080-3,深房开字(2014)449号,深圳市规划和国土资源委员会
深圳市观澜物业发展有限公司,192477873,深房开字(2014)450号,深圳市规划和国土资源委员会
深圳市百富隆新投资有限公司,279360504,深房开字(2014)451号,深圳市规划和国土资源委员会
深圳市津房物业发展有限公司,192359594,深房开字(2014)452号,深圳市规划和国土资源委员会
深圳市鹏润达投资发展有限公司,76198314-4,深房开字(2014)453号,深圳市规划和国土资源委员会
深圳天安骏业投资发展有限公司,55989697-9,深房开字(2014)454号,深圳市规划和国土资源委员会
深圳市荣津实业集团有限公司,19241691-5,深房开字(2014)455号,深圳市规划和国土资源委员会
深圳宏达房地产开发有限公司,7852897-3,深房开字(2014)456号,深圳市规划和国土资源委员会
深圳市旭道房地产开发有限公司,70845231X,深房开字(2014)457号,深圳市规划和国土资源委员会
信和（深圳）实业发展有限公司,618864767,深房开字(2014)458号,深圳市规划和国土资源委员会
雄伟房地产开发（深圳）有限公司,76916022-2,深房开字(2014)459号,深圳市规划和国土资源委员会
深圳桑达电子集团有限公司,19217499-5,深房开字(2014)460号,深圳市规划和国土资源委员会
深圳市旭飞实业有限公司,279416002,深房开字(2014)461号,深圳市规划和国土资源委员会
振宇物业发展（深圳）有限公司,769168224,深房开字(2014)462号,深圳市规划和国土资源委员会
深圳市罗兰斯宝物业发展有限公司,19233125X,深房开字(2014)463号,深圳市规划和国土资源委员会
深圳市利丰房地产开发有限公司,27952226X,深房开字(2014)464号,深圳市规划和国土资源委员会
深圳市联合建业投资发展有限公司,74886367-4,深房开字(2014)465号,深圳市规划和国土资源委员会
深圳市圳宝实业有限公司,19218944-1,深房开字(2014)466号,深圳市规划和国土资源委员会
深圳市朗钜实业集团有限公司,192421052,深房开字(2014)467号,深圳市规划和国土资源委员会
中国长安汽车集团深圳投资有限公司,57637418-7,深房开字(2014)468号,深圳市规划和国土资源委员会
深圳市光明房地产开发公司,192486083,深房开字(2014)469号,深圳市规划和国土资源委员会
深圳市海岸投资集团有限公司,192366241,深房开字(2014)470号,深圳市规划和国土资源委员会
新旺实业发展（深圳）有限公司,73627261-5,深房开字(2014)471号,深圳市规划和国土资源委员会
深圳泛亚房地产开发有限公司,78657265-9,深房开字(2014)472号,深圳市规划和国土资源委员会
深圳万泽碧轩房地产开发有限公司,279530884,深房开字(2014)473号,深圳市规划和国土资源委员会
深圳市恒豪实业有限公司,72856646-1,深房开字(2014)474号,深圳市规划和国土资源委员会
深圳市中亿集投资发展有限公司,192457610,深房开字(2014)475号,深圳市规划和国土资源委员会
深圳市合正锦湖投资有限公司,77162038X,深房开字(2014)476号,深圳市规划和国土资源委员会
深圳市鹏润达置业集团有限公司,19230591-6,深房开字(2014)477号,深圳市规划和国土资源委员会
深圳市鸿景翠峰房地产开发有限公司,760475113,深房开字(2014)478号,深圳市规划和国土资源委员会
深圳富霖房地产开发有限公司,618829830,深房开字(2014)479号,深圳市规划和国土资源委员会
佳峰房地产开发（深圳）有限公司,61892314-9,深房开字(2014)480号,深圳市规划和国土资源委员会
深圳市港城豪庭实业发展有限公司,619290996,深房开字(2014)481号,深圳市规划和国土资源委员会
深圳市卓越康达贸易有限公司,55988543-6,深房开字(2014)482号,深圳市规划和国土资源委员会
深圳市锦新明集团有限公司,27934255X,深房开字(2014)483号,深圳市规划和国土资源委员会
深圳市博林房地产开发有限公司,75761342-3,深房开字(2014)484号,深圳市规划和国土资源委员会
深圳市国野股份有限公司,279421741,深房开字(2014)485号,深圳市规划和国土资源委员会
深圳市华熙房地产有限公司,279344993,深房开字(2014)486号,深圳市规划和国土资源委员会
深圳市弘都投资有限公司,736285539,深房开字(2014)487号,深圳市规划和国土资源委员会
深圳市颂德房地产开发有限公司,56278900-7,深房开字(2014)488号,深圳市规划和国土资源委员会
深圳市莲塘房地产开发有限公司,192310520,深房开字(2014)489号,深圳市规划和国土资源委员会
深圳市恒地投资有限公司,69905256-7,深房开字(2014)490号,深圳市规划和国土资源委员会
深圳市正中房地产开发有限公司,734150980,深房开字(2014)491号,深圳市规划和国土资源委员会
深圳中海投资管理有限公司,19220796-1,深房开字(2014)492号,深圳市规划和国土资源委员会
深圳市东部实业股份有限公司,192173343,深房开字(2014)493号,深圳市规划和国土资源委员会
深圳市维时科技实业发展有限公司,279303286,深房开字(2014)494号,深圳市规划和国土资源委员会
深圳市生良房地产开发有限公司,65234879-1,深房开字(2014)495号,深圳市规划和国土资源委员会
深圳市锦年基础工程有限公司,58673785-0,深房开字(2014)496号,深圳市规划和国土资源委员会
深圳市天健龙岗房地产开发有限公司,279525110,深房开字(2014)497号,深圳市规划和国土资源委员会
深圳市东海成房地产开发有限公司,792552283,深房开字(2014)498号,深圳市规划和国土资源委员会
深圳市龙华海荣实业有限公司,279580427,深房开字(2014)499号,深圳市规划和国土资源委员会
深圳市鹏广达广场商业发展有限公司,59071606-7,深房开字(2014)500号,深圳市规划和国土资源委员会
深圳市中云投资发展有限公司,55213061-2,深房开字(2014)501号,深圳市规划和国土资源委员会
深圳市星都置业有限公司,19218836-9,深房开字(2014)502号,深圳市规划和国土资源委员会
深圳市建业房地产开发有限公司,192196377,深房开字(2014)503号,深圳市规划和国土资源委员会
深圳市龙志投资发展有限公司,66267085-5,深房开字(2014)504号,深圳市规划和国土资源委员会
深圳市优胜美地房地产开发有限公司,775563343,深房开字(2014)505号,深圳市规划和国土资源委员会
深圳市世纪汇鑫实业集团有限公司,192446233,深房开字(2014)506号,深圳市规划和国土资源委员会
深圳市汉森房地产开发有限公司,79796764-8,深房开字(2014)507号,深圳市规划和国土资源委员会
深圳市泉堂实业发展有限公司,76756488-0,深房开字(2014)508号,深圳市规划和国土资源委员会
深圳豫盛投资发展有限公司,781363380,深房开字(2014)509号,深圳市规划和国土资源委员会
深圳市京武房地产开发有限公司,192261642,深房开字(2014)510号,深圳市规划和国土资源委员会
深圳雅宝房地产开发有限公司,61883653-9,深房开字(2014)511号,深圳市规划和国土资源委员会
江胜房地产开发（深圳）有限公司,715245933,深房开字(2014)512号,深圳市规划和国土资源委员会
深圳市广田置业有限公司,27945122X,深房开字(2014)513号,深圳市规划和国土资源委员会
深圳市金地大百汇房地产开发有限公司,78831624-5,深房开字(2014)514号,深圳市规划和国土资源委员会
深圳市明泰润投资发展有限公司,77164959-6,深房开字(2014)515号,深圳市规划和国土资源委员会
深圳市厚华投资有限公司,75252654-X,深房开字(2014)516号,深圳市规划和国土资源委员会
深圳麓园房地产开发有限公司,55388332-5,深房开字(2014)517号,深圳市规划和国土资源委员会
深圳市信旺房地产开发有限公司,69557856-1,深房开字(2014)518号,深圳市规划和国土资源委员会
深圳湾游艇会有限公司,61893084-0,深房开字(2014)519号,深圳市规划和国土资源委员会
鸿硕房地产开发（深圳）有限公司,618914146,深房开字(2014)520号,深圳市规划和国土资源委员会
深圳市下水径投资有限公司,57004014-3,深房开字(2014)521号,深圳市规划和国土资源委员会
深圳市金地新城房地产开发有限公司,66101632-5,深房开字(2014)522号,深圳市规划和国土资源委员会
深圳市博厚实业有限公司,279407130,深房开字(2014)523号,深圳市规划和国土资源委员会
深圳桑达房地产开发有限公司,192185176,深房开字(2014)524号,深圳市规划和国土资源委员会
深圳市大康投资集团有限公司,75252411-4,深房开字(2014)525号,深圳市规划和国土资源委员会
深圳市福盈置地控股有限公司,56854915-1,深房开字(2014)526号,深圳市规划和国土资源委员会
深圳市雨霖投资有限公司,279445778,深房开字(2014)527号,深圳市规划和国土资源委员会
深圳市华佳业房地产开发有限公司,78920731-5,深房开字(2014)528号,深圳市规划和国土资源委员会
深圳市天悦房地产开发有限公司,19217563-X,深房开字(2014)529号,深圳市规划和国土资源委员会
深圳市桃花园置业有限公司,59676162-7,深房开字(2014)530号,深圳市规划和国土资源委员会
深圳市景诚园投资有限公司,75250323-3,深房开字(2014)531号,深圳市规划和国土资源委员会
深圳市曦湾名苑地产有限公司,55986423-x,深房开字(2014)532号,深圳市规划和国土资源委员会
中海月朗苑物业发展（深圳）有限公司,757636684,深房开字(2014)533号,深圳市规划和国土资源委员会
深圳市西湖股份有限公司,19217923-5,深房开字(2014)534号,深圳市规划和国土资源委员会
深圳市恒江地产开发有限公司,79049158-7,深房开字(2014)535号,深圳市规划和国土资源委员会
深圳市知本投资集团有限公司,279324984,深房开字(2014)536号,深圳市规划和国土资源委员会
深圳市坚得利实业有限公司,70847209-7,深房开字(2014)537号,深圳市规划和国土资源委员会
深圳市卓越康合投资发展有限公司,57314879-0,深房开字(2014)538号,深圳市规划和国土资源委员会
深圳市金光华地产开发有限公司,74123080-7,深房开字(2014)539号,深圳市规划和国土资源委员会
深圳市鑫业投资有限公司,73880444-3,深房开字(2014)540号,深圳市规划和国土资源委员会
深圳市德涵投资发展有限公司,27939117-5,深房开字(2014)541号,深圳市规划和国土资源委员会
如鸿实业（深圳）有限公司,618935502,深房开字(2014)542号,深圳市规划和国土资源委员会
深圳市富基投资集团有限公司,73418884-X,深房开字(2014)543号,深圳市规划和国土资源委员会
深圳市诚品地产有限公司,68755788-3,深房开字(2014)544号,深圳市规划和国土资源委员会
深圳市大族基业房地产开发有限公司,79796424-4,深房开字(2014)545号,深圳市规划和国土资源委员会
深圳亘富投资有限公司,27931633-5,深房开字(2014)546号,深圳市规划和国土资源委员会
深圳厦飞龙置业发展有限公司,708478683,深房开字(2014)547号,深圳市规划和国土资源委员会
深圳市龙岗佳兆业房地产开发有限公司,79543503-1,深房开字(2014)548号,深圳市规划和国土资源委员会
深圳市银浩实业有限公司,192435198,深房开字(2014)549号,深圳市规划和国土资源委员会
深圳市银台实业集团有限公司,279298018,深房开字(2014)550号,深圳市规划和国土资源委员会
中建蛇口发展有限公司,61880801X,深房开字(2014)551号,深圳市规划和国土资源委员会
和黄地产（深圳宝安）有限公司,728545230,深房开字(2014)552号,深圳市规划和国土资源委员会
深圳市鑫地置业有限公司,56151116-9,深房开字(2014)553号,深圳市规划和国土资源委员会
深圳市昌盛投资发展有限公司,19234067-4,深房开字(2014)554号,深圳市规划和国土资源委员会
深圳市鲤鱼门投资发展有限公司,59186019-1,深房开字(2014)555号,深圳市规划和国土资源委员会
深圳华逸园房地产开发有限公司,731131602,深房开字(2014)556号,深圳市规划和国土资源委员会
深圳市鹏锦生投资发展有限公司,279324888,深房开字(2014)557号,深圳市规划和国土资源委员会
深圳荣超实业有限公司,761982598,深房开字(2014)558号,深圳市规划和国土资源委员会
深圳市佳昌业投资有限公司,72302771-7,深房开字(2014)559号,深圳市规划和国土资源委员会
深圳市恒裕实业（集团）有限公司,19219445-1,深房开字(2014)560号,深圳市规划和国土资源委员会
深圳市粤长辉实业发展有限公司,279260423,深房开字(2014)561号,深圳市规划和国土资源委员会
深圳市秋铭投资发展有限公司,05511192-0,深房开字(2014)562号,深圳市规划和国土资源委员会
深圳市天耀投资发展有限公司,55866701-5,深房开字(2014)563号,深圳市规划和国土资源委员会
深圳市大业房地产开发有限公司,797961051,深房开字(2014)564号,深圳市规划和国土资源委员会
深圳市佳家豪投资发展有限公司,192276035,深房开字(2014)565号,深圳市规划和国土资源委员会
深圳市创城投资有限公司,78923761-0,深房开字(2014)566号,深圳市规划和国土资源委员会
深圳市祥盛房地产开发有限公司,55541641-3,深房开字(2014)567号,深圳市规划和国土资源委员会
深圳市禾田居投资发展有限公司,77160159-2,深房开字(2014)568号,深圳市规划和国土资源委员会
深圳市清水河实业有限公司,192192325,深房开字(2014)569号,深圳市规划和国土资源委员会
深圳信德丰房地产有限公司,618922592,深房开字(2014)570号,深圳市规划和国土资源委员会
深圳海王集团股份有限公司,192214061,深房开字(2014)571号,深圳市规划和国土资源委员会
深圳市绿色满庭芳实业发展有限公司,75045109,深房开字(2014)572号,深圳市规划和国土资源委员会
运泰实业（深圳）有限公司,618843413,深房开字(2014)573号,深圳市规划和国土资源委员会
深圳市华园房地产开发有限公司,279523596,深房开字(2014)574号,深圳市规划和国土资源委员会
深圳市宝安石鸿工贸有限公司,19248765-X,深房开字(2014)575号,深圳市规划和国土资源委员会
深圳万庭房地产开发有限公司,79258175-4,深房开字(2014)576号,深圳市规划和国土资源委员会
深圳市金地源房地产开发有限公司,78921710X,深房开字(2014)577号,深圳市规划和国土资源委员会
深圳市霖梓投资发展有限公司,74322490-2,深房开字(2014)578号,深圳市规划和国土资源委员会
深圳市天勤房地产开发有限公司,715251137,深房开字(2014)579号,深圳市规划和国土资源委员会
深圳市雄江投资发展有限公司,708498721,深房开字(2014)580号,深圳市规划和国土资源委员会
深圳市万泽房地产开发集团有限公司,76497792-X,深房开字(2014)581号,深圳市规划和国土资源委员会
深圳市骏泰房地产开发有限公司,66269457-4,深房开字(2014)582号,深圳市规划和国土资源委员会
深圳市美地置业发展有限公司,279341928,深房开字(2014)583号,深圳市规划和国土资源委员会
深圳市天地（集团）股份有限公司,192192827,深房开字(2014)584号,深圳市规划和国土资源委员会
深圳深国投房地产开发有限公司,618932205,深房开字(2014)585号,深圳市规划和国土资源委员会
深圳市湖润房地产开发有限公司,55033618-2,深房开字(2014)586号,深圳市规划和国土资源委员会
深圳市龙盛豪庭投资有限公司,56707067-5,深房开字(2014)587号,深圳市规划和国土资源委员会
深圳市鹏龙实业有限公司,75253907-6,深房开字(2014)588号,深圳市规划和国土资源委员会
丽廷实业（深圳）有限公司,618897681,深房开字(2014)589号,深圳市规划和国土资源委员会
深圳海滨房产有限公司,618801328,深房开字(2014)590号,深圳市规划和国土资源委员会
深圳市荣丰源投资发展有限公司,77411414-0,深房开字(2014)591号,深圳市规划和国土资源委员会
深圳市友盛地产有限公司,66589467-8,深房开字(2014)592号,深圳市规划和国土资源委员会
深圳市康达尔（集团）股份有限公司,192180957,深房开字(2014)593号,深圳市规划和国土资源委员会
深圳市坤宜实业发展有限公司,27935239-5,深房开字(2014)594号,深圳市规划和国土资源委员会
港铁物业发展（深圳）有限公司,58919217-1,深房开字(2014)595号,深圳市规划和国土资源委员会
深圳市天居基业投资有限公司,56853106-6,深房开字(2014)596号,深圳市规划和国土资源委员会
综合信兴盐保物流（深圳）有限公司,66267139-9,深房开字(2014)597号,深圳市规划和国土资源委员会
深圳市福顺高新建材有限公司,71527946-3,深房开字(2014)598号,深圳市规划和国土资源委员会
深圳市海科兴留学生产业基地投资有限公司,76496744-9,深房开字(2014)599号,深圳市规划和国土资源委员会
深圳市平日上房地产开发有限公司,57880882-3,深房开字(2014)600号,深圳市规划和国土资源委员会
深圳凯南房地产开发有限公司,766390997,深房开字(2014)601号,深圳市规划和国土资源委员会
深圳市辉豪乐投资发展有限公司,21944342-2,深房开字(2014)602号,深圳市规划和国土资源委员会
广东省水电集团有限公司深圳分公司,190326633,深房开字(2014)603号,深圳市规划和国土资源委员会
深圳市港城建业房地产开发有限公司,78833684-4,深房开字(2014)604号,深圳市规划和国土资源委员会
深圳市鹏城港水产批发市场有限公司,192350768,深房开字(2014)605号,深圳市规划和国土资源委员会
深圳腾鸿投资有限公司,69908433-1,深房开字(2014)606号,深圳市规划和国土资源委员会
深圳市滨海置业有限公司,59775720-8,深房开字(2014)607号,深圳市规划和国土资源委员会
深圳市建设控股龙岗房地产有限公司,27952314X,深房开字(2014)608号,深圳市规划和国土资源委员会
深圳市海华实业有限公司,192197863,深房开字(2014)609号,深圳市规划和国土资源委员会
深圳市光明商业中心开发有限公司,67480021-5,深房开字(2014)610号,深圳市规划和国土资源委员会
深圳市文宝峰投资发展有限公司,56421111-0,深房开字(2014)611号,深圳市规划和国土资源委员会
深圳市万科南苑房地产开发有限公司,19218843-0,深房开字(2014)612号,深圳市规划和国土资源委员会
深圳市崇诚房地产有限公司,755695883,深房开字(2014)613号,深圳市规划和国土资源委员会
深圳市鹏业房地产有限公司,78390301-0,深房开字(2014)614号,深圳市规划和国土资源委员会
深圳邦兆房地产开发有限公司,74519941-3,深房开字(2014)615号,深圳市规划和国土资源委员会
深圳市荣超投资发展有限公司,192216614,深房开字(2014)616号,深圳市规划和国土资源委员会
深圳市中富田房地产开发有限公司,279267158,深房开字(2014)617号,深圳市规划和国土资源委员会
深圳市嘉鑫辉煌房地产有限公司,777189834,深房开字(2014)618号,深圳市规划和国土资源委员会
彭年中外企业家俱乐部（深圳）有限公司,61884793-2,深房开字(2014)619号,深圳市规划和国土资源委员会
深圳市美宝田实业有限公司,19247225-5,深房开字(2014)620号,深圳市规划和国土资源委员会
深圳市民华投资有限公司,79046863-5,深房开字(2014)621号,深圳市规划和国土资源委员会
深圳冠洋房地产有限公司,69118107-3,深房开字(2014)622号,深圳市规划和国土资源委员会
深圳市海之湾科技有限公司,58673851-1,深房开字(2014)623号,深圳市规划和国土资源委员会
深圳勤诚达地产有限公司,738806510,深房开字(2014)624号,深圳市规划和国土资源委员会
深圳市安泰城投资发展有限公司,67299979-3,深房开字(2014)625号,深圳市规划和国土资源委员会
深圳市中海富地物业发展有限公司,279432387,深房开字(2014)626号,深圳市规划和国土资源委员会
深圳龙岗大鹏长城实业发展有限公司,27958094-5,深房开字(2014)627号,深圳市规划和国土资源委员会
深圳市金泽实业发展有限公司,279416440,深房开字(2014)628号,深圳市规划和国土资源委员会
深圳市中协商贸有限公司,75253680-1,深房开字(2014)629号,深圳市规划和国土资源委员会
深圳置富房地产开发有限公司,618879870,深房开字(2014)630号,深圳市规划和国土资源委员会
深圳市富德义房地产综合开发有限公司,723011061,深房开字(2014)631号,深圳市规划和国土资源委员会
深圳市合裕房地产开发有限公司,58671656-6,深房开字(2014)632号,深圳市规划和国土资源委员会
深圳市永利鸿盈投资有限公司,77987187-x,深房开字(2014)633号,深圳市规划和国土资源委员会
深圳市海岸融通投资有限公司,78656896-7,深房开字(2014)634号,深圳市规划和国土资源委员会
深圳市新创基投资发展有限公司,59569556-8,深房开字(2014)635号,深圳市规划和国土资源委员会
深圳城盛房地产开发有限公司,4403010000000,深房开字(2014)636号,深圳市规划和国土资源委员会
万菱实业（深圳）有限公司,73308649-7,深房开字(2014)637号,深圳市规划和国土资源委员会
深圳万科城房地产开发有限公司,767584793,深房开字(2014)638号,深圳市规划和国土资源委员会
深圳市裕兴顺房地产开发有限公司,78136269-5,深房开字(2014)639号,深圳市规划和国土资源委员会
深圳市艺园投资发展有限公司,78277982-0,深房开字(2014)640号,深圳市规划和国土资源委员会
深圳市国正向前投资发展有限公司,58560516-X,深房开字(2014)641号,深圳市规划和国土资源委员会
深圳市汕源新实业有限公司,279580419,深房开字(2014)642号,深圳市规划和国土资源委员会
深圳市乐丰投资发展有限公司,67298619-1,深房开字(2014)643号,深圳市规划和国土资源委员会
深圳仙诺制药有限公司,61880009-3,深房开字(2014)644号,深圳市规划和国土资源委员会
深圳市东方尊峪房地产开发有限公司,752505271,深房开字(2014)645号,深圳市规划和国土资源委员会
深圳市中海日辉台物业发展有限公司,754280758,深房开字(2014)646号,深圳市规划和国土资源委员会
深圳市耀凯房地产投资发展有限公司,78277164-2,深房开字(2014)647号,深圳市规划和国土资源委员会
深圳市卓越维港房地产开发有限公司,66269571-0,深房开字(2014)648号,深圳市规划和国土资源委员会
深圳市富春东方房地产开发有限公司,192260420,深房开字(2014)649号,深圳市规划和国土资源委员会
深圳市宝安东海实业有限公司,19248068-5,深房开字(2014)650号,深圳市规划和国土资源委员会
深圳市建鹏达房地产开发有限公司,192177387,深房开字(2014)651号,深圳市规划和国土资源委员会
深圳市安鸿兴投资发展有限公司,59568068-1,深房开字(2014)652号,深圳市规划和国土资源委员会
深圳万科华昱花园房地产开发有限公司,79660365-8,深房开字(2014)653号,深圳市规划和国土资源委员会
深圳市金益田实业发展有限公司,440301000000000,深房开字(2014)654号,深圳市规划和国土资源委员会
深圳市万轩置业有限公司,73414070-7,深房开字(2014)655号,深圳市规划和国土资源委员会
深圳市地铁远为房地产开发有限公司,77033947-3,深房开字(2014)656号,深圳市规划和国土资源委员会
深圳市恒基泰投资集团有限公司,71525646-4,深房开字(2014)657号,深圳市规划和国土资源委员会
深圳市罗沙工程开发有限公司,19850911,深房开字(2014)658号,深圳市规划和国土资源委员会
深圳万科第五园房地产有限公司,766391121,深房开字(2014)659号,深圳市规划和国土资源委员会
深圳市万达裕实业发展有限公司,73307900-0,深房开字(2014)660号,深圳市规划和国土资源委员会
深圳市山海情置业有限公司,59778813-5,深房开字(2014)661号,深圳市规划和国土资源委员会
深圳市正展实业有限公司,75760976-6,深房开字(2014)662号,深圳市规划和国土资源委员会
深圳市腾龙达实业有限公司,75569563-X,深房开字(2014)663号,深圳市规划和国土资源委员会
深圳市福田实业发展有限公司,192360667,深房开字(2014)664号,深圳市规划和国土资源委员会
深圳市荣超英隆房地产开发有限公司,55867681-9,深房开字(2014)665号,深圳市规划和国土资源委员会
亨德来实业发展（深圳）有限公司,73629599-9,深房开字(2014)666号,深圳市规划和国土资源委员会
深圳市黄贝景园实业有限公司,75250513-2,深房开字(2014)667号,深圳市规划和国土资源委员会
深圳市龙岗德兴房地产开发有限公司,279524302,深房开字(2014)668号,深圳市规划和国土资源委员会
深圳市红荷森泉置业发展有限公司,57002371-4,深房开字(2014)669号,深圳市规划和国土资源委员会
深圳市嘉盈鑫实业有限公司,76346669-3,深房开字(2014)670号,深圳市规划和国土资源委员会
深圳市弘金地网球俱乐部有限公司,27932233-X,深房开字(2014)671号,深圳市规划和国土资源委员会
深圳市三泰投资有限公司,58159209-0,深房开字(2014)672号,深圳市规划和国土资源委员会
宝吉工艺品（深圳）有限公司,61888622-9,深房开字(2014)673号,深圳市规划和国土资源委员会
广东城脉地产有限公司,55719779-9,深房开字(2014)674号,深圳市规划和国土资源委员会
深圳市滢水房地产开发有限公司,708405353,深房开字(2014)675号,深圳市规划和国土资源委员会
深圳市蓝基实业有限公司,279542682,深房开字(2014)676号,深圳市规划和国土资源委员会
深圳经济特区工业园开发公司,192193168,深房开字(2014)677号,深圳市规划和国土资源委员会
深圳市天就房地产开发有限公司,279467475,深房开字(2014)678号,深圳市规划和国土资源委员会
深圳市万科南城房地产有限公司,777155693,深房开字(2014)679号,深圳市规划和国土资源委员会
深圳市华业投资开发有限公司,279384469,深房开字(2014)680号,深圳市规划和国土资源委员会
嘉宝田房地产（深圳）有限公司,618926227,深房开字(2014)681号,深圳市规划和国土资源委员会
美洲联冠置业（深圳）有限公司,72300858-3,深房开字(2014)682号,深圳市规划和国土资源委员会
深圳市创佶置业有限公司,06028276-7,深房开字(2014)683号,深圳市规划和国土资源委员会
深圳市金洲房地产开发有限公司,19221546X,深房开字(2014)684号,深圳市规划和国土资源委员会
深圳市正昌泰投资咨询有限公司,66269712-6,深房开字(2014)685号,深圳市规划和国土资源委员会
宝能城有限公司,06631201-5,深房开字(2014)686号,深圳市规划和国土资源委员会
深圳市正大国利投资有限公司,70844150-6,深房开字(2014)687号,深圳市规划和国土资源委员会
深圳市佳米基投资有限公司,55389366-2,深房开字(2014)688号,深圳市规划和国土资源委员会
深圳市会淇投资发展有限公司,27935809-2,深房开字(2014)689号,深圳市规划和国土资源委员会
深圳市大沙河创新走廊建设投资管理有限公司,57636340-2,深房开字(2014)690号,深圳市规划和国土资源委员会
深圳市中平实业有限公司,767578940,深房开字(2014)691号,深圳市规划和国土资源委员会
深圳宝能置业有限公司,61929288-7,深房开字(2014)692号,深圳市规划和国土资源委员会
深圳惠名房地产开发有限公司,279302638,深房开字(2014)693号,深圳市规划和国土资源委员会
深圳市宝利来贸易有限公司,73626401-7,深房开字(2014)694号,深圳市规划和国土资源委员会
深圳市合正景园实业有限公司,75254801X,深房开字(2014)695号,深圳市规划和国土资源委员会
深圳市盘龙投资发展有限公司,06274031-1,深房开字(2014)696号,深圳市规划和国土资源委员会
深圳市泰新利物业管理有限公司,70845705-7,深房开字(2014)697号,深圳市规划和国土资源委员会
深圳市中海深圳湾房地产开发有限公司,745156317,深房开字(2014)698号,深圳市规划和国土资源委员会
深圳市中卫投资咨询有限公司,77986851-5,深房开字(2014)699号,深圳市规划和国土资源委员会
深圳市博住置业有限公司,58006777-x,深房开字(2014)700号,深圳市规划和国土资源委员会
深圳市大鹏佳兆业房地产开发有限公司,72474198-x,深房开字(2014)701号,深圳市规划和国土资源委员会
深圳市楚山实业有限公司,72717460X,深房开字(2014)702号,深圳市规划和国土资源委员会
深圳市龙泉别墅投资发展有限公司,279255165,深房开字(2014)703号,深圳市规划和国土资源委员会
深圳市吉厦房地产开发有限公司,57314710-6,深房开字(2014)704号,深圳市规划和国土资源委员会
卓诚安房地产（深圳）有限公司,192469531,深房开字(2014)705号,深圳市规划和国土资源委员会
深圳市安业房地产开发有限公司,72470393-2,深房开字(2014)706号,深圳市规划和国土资源委员会
深圳市银江置地开发有限公司,05788189-X,深房开字(2014)707号,深圳市规划和国土资源委员会
深圳市德高华房地产有限公司,05785411-1,深房开字(2014)708号,深圳市规划和国土资源委员会
深圳市盛迪嘉房地产开发有限公司,06272800-5,深房开字(2014)709号,深圳市规划和国土资源委员会
深圳市祥华投资发展有限公司,05395449-x,深房开字(2014)710号,深圳市规划和国土资源委员会
深圳市宣威田丰贸易有限公司,61883282-8,深房开字(2014)711号,深圳市规划和国土资源委员会
深圳市中兴投资有限公司,75567109-9,深房开字(2014)712号,深圳市规划和国土资源委员会
深圳市悦峰投资有限公司,59567161-1,深房开字(2014)713号,深圳市规划和国土资源委员会
威新地产（深圳）有限公司,55989780-8,深房开字(2014)714号,深圳市规划和国土资源委员会
深圳兆科房地产有限公司,27953389-0,深房开字(2014)715号,深圳市规划和国土资源委员会
深圳市宁佳置业有限公司,77161539-6,深房开字(2014)716号,深圳市规划和国土资源委员会
深圳市中盛投资开发有限公司,192386875,深房开字(2014)717号,深圳市规划和国土资源委员会
深圳市海轩投资发展有限公司,708430065,深房开字(2014)718号,深圳市规划和国土资源委员会
深圳经济特区新华城有限公司,618837777,深房开字(2014)719号,深圳市规划和国土资源委员会
深圳市长庆房地产开发有限公司,68201062-7,深房开字(2014)720号,深圳市规划和国土资源委员会
深圳市恒宝达房地产开发有限公司,78276634-1,深房开字(2014)721号,深圳市规划和国土资源委员会
深圳市万科溪之谷房地产有限公司,770330401,深房开字(2014)722号,深圳市规划和国土资源委员会
深圳市新屋吓英隆房地产开发有限公司,57637464-6,深房开字(2014)723号,深圳市规划和国土资源委员会
深圳市嘉霖房地产有限公司,77558987-7,深房开字(2014)724号,深圳市规划和国土资源委员会
深圳市名爵房地产开发有限公司,69253421-3,深房开字(2014)725号,深圳市规划和国土资源委员会
深圳市万科道霖投资发展有限公司,27935796-2,深房开字(2014)726号,深圳市规划和国土资源委员会
深圳市万科兴业房地产开发有限公司,79543251-9,深房开字(2014)727号,深圳市规划和国土资源委员会
深圳市传承房地产开发有限公司,07897882-6,深房开字(2014)728号,深圳市规划和国土资源委员会
深圳市朗通房地产开发有限公司,07583131-9,深房开字(2014)729号,深圳市规划和国土资源委员会
深圳市铖源实业发展有限公司,66266127-0,深房开字(2014)730号,深圳市规划和国土资源委员会
丰隆集团有限公司,618854841,深房开字(2014)731号,深圳市规划和国土资源委员会
深圳市万科城市风景房地产开发有限公司,79389128-7,深房开字(2014)732号,深圳市规划和国土资源委员会
深圳万科恒大物业有限公司,618832095,深房开字(2014)733号,深圳市规划和国土资源委员会
深圳市志天下实业有限公司,76045364-3,深房开字(2014)734号,深圳市规划和国土资源委员会
深圳市鼎丰泰投资有限公司,77877899-9,深房开字(2014)735号,深圳市规划和国土资源委员会
深圳市东方欣悦实业有限公司,27935225-6,深房开字(2014)736号,深圳市规划和国土资源委员会
深圳市万联嘉投资发展有限公司,55032165-0,深房开字(2014)737号,深圳市规划和国土资源委员会
深圳市万龙靓投资发展有限公司,56278996-3,深房开字(2014)738号,深圳市规划和国土资源委员会
深圳市易理房地产开发有限公司,74519910-6,深房开字(2014)739号,深圳市规划和国土资源委员会
深圳市永和投资发展有限公司,77878495-0,深房开字(2014)740号,深圳市规划和国土资源委员会
深圳市恩地房地产有限公司,279291326,深房开字(2014)741号,深圳市规划和国土资源委员会
华润置地（深圳）发展有限公司,68940851-5,深房开字(2014)742号,深圳市规划和国土资源委员会
深圳市地业乐安房地产有限公司,59185976-4,深房开字(2014)743号,深圳市规划和国土资源委员会
深圳市海汇房地产开发有限公司,55867477-6,深房开字(2014)744号,深圳市规划和国土资源委员会
深圳市红荷庭苑房地产开发有限公司,56852843-0,深房开字(2014)745号,深圳市规划和国土资源委员会
深圳市新建投资发展有限公司,68537898-8,深房开字(2014)746号,深圳市规划和国土资源委员会
深圳市赛格地产投资股份有限公司,19217633-3,深房开字(2014)747号,深圳市规划和国土资源委员会
深圳市新鸿恒房地产开发有限公司,27925314-3,深房开字(2014)748号,深圳市规划和国土资源委员会
深圳市华兴昌实业有限公司,19230561-7,深房开字(2014)749号,深圳市规划和国土资源委员会
深圳市怀德房地产开发有限公司,68758088-0,深房开字(2014)750号,深圳市规划和国土资源委员会
深圳市市建置业有限公司,58273844-2,深房开字(2014)751号,深圳市规划和国土资源委员会
深圳市金洪实业投资发展有限公司,76047099-6,深房开字(2014)752号,深圳市规划和国土资源委员会
华银通宝投资有限公司,78394416-2,深房开字(2014)753号,深圳市规划和国土资源委员会
深圳中铁粤丰置业有限公司,56424271-8,深房开字(2014)754号,深圳市规划和国土资源委员会
深圳市龙华龙屋投资有限公司,05618177-9,深房开字(2014)755号,深圳市规划和国土资源委员会
深圳市国威科技创新服务有限公司,55211965-9,深房开字(2014)756号,深圳市规划和国土资源委员会
深圳海雅（集团）有限公司,61881647-4,深房开字(2014)757号,深圳市规划和国土资源委员会
深圳金域融泰投资发展有限公司,05047953-1,深房开字(2014)758号,深圳市规划和国土资源委员会
深圳市善嘉置业有限公司,55865112-8,深房开字(2014)759号,深圳市规划和国土资源委员会
深圳市海王馨城实业有限公司,68539739-6,深房开字(2014)760号,深圳市规划和国土资源委员会
深圳前湾投资发展有限公司,06386184-4,深房开字(2014)761号,深圳市规划和国土资源委员会
深圳市保利置地房地产开发有限公司,57314785-1,深房开字(2014)762号,深圳市规划和国土资源委员会
华润（深圳）地产发展有限公司,71093473-X,深房开字(2014)763号,深圳市规划和国土资源委员会
深圳市汇东房地产投资管理有限公司,78922596-x,深房开字(2014)764号,深圳市规划和国土资源委员会
华联控股股份有限公司,19247150-0,深房开字(2014)765号,深圳市规划和国土资源委员会
深圳市万科云城房地产开发有限公司,08464146-1,深房开字(2014)766号,深圳市规划和国土资源委员会
深圳市喀斯特中环星苑置业有限公司,71523302-7,深房开字(2014)767号,深圳市规划和国土资源委员会
深圳市万科云城商业有限公司,08463512-5,深房开字(2014)768号,深圳市规划和国土资源委员会
华润置地（深圳）有限公司,67859621-5,深房开字(2014)769号,深圳市规划和国土资源委员会
深圳市力高大道置业有限公司,08771508-3,深房开字(2014)770号,深圳市规划和国土资源委员会
深圳市鹏城置业投资发展有限公司,78275312-9,深房开字(2014)771号,深圳市规划和国土资源委员会
深业沙河(集团)有限公司,19219818-8,深房开字(2014)772号,深圳市规划和国土资源委员会
深圳市深信西部房地产有限公司,19247325-8,深房开字(2014)773号,深圳市规划和国土资源委员会
深圳市儒骏泰峰房地产开发有限公司,68943306-7,深房开字(2014)774号,深圳市规划和国土资源委员会
深圳市广晟置业有限公司,75429067-3,深房开字(2014)775号,深圳市规划和国土资源委员会
深圳市盐田港置业有限公司,279534754,深房开字(2014)776号,深圳市规划和国土资源委员会
深圳市深业中城有限公司,08189244-1,深房开字(2014)777号,深圳市规划和国土资源委员会
深圳市潮商东部投资有限公司,56279487-7,深房开字(2014)778号,深圳市规划和国土资源委员会
深圳市万疆城投资发展有限公司,59434259-2,深房开字(2014)779号,深圳市规划和国土资源委员会
深圳市万科云城置地有限公司,08775160-7,深房开字(2014)780号,深圳市规划和国土资源委员会
深圳市合泰地产集团有限公司,68538270-9,深房开字(2014)781号,深圳市规划和国土资源委员会
深圳市鑫群实业股份有限公司,19218173-0,深房开字(2014)782号,深圳市规划和国土资源委员会
深圳市大新常盛投资有限公司,06495095-3,深房开字(2014)783号,深圳市规划和国土资源委员会
深圳市盐田佳兆业房地产开发有限公司,57312992-8,深房开字(2014)784号,深圳市规划和国土资源委员会
深圳市中爱联实业有限公司,73110805-8,深房开字(2014)785号,深圳市规划和国土资源委员会
深圳市黄贝岭靖轩实业股份有限公司,192310344,深房开字(2014)786号,深圳市规划和国土资源委员会
深圳市华茂嘉投资有限公司,57195855-4,深房开字(2014)787号,深圳市规划和国土资源委员会
深圳市龙园凯利恒丰房地产股份有限公司,67186891-9,深房开字(2014)788号,深圳市规划和国土资源委员会
深圳市方大置业发展有限公司,05895223-1,深房开字(2014)789号,深圳市规划和国土资源委员会
南岭新力佳投资有限公司,58674213-1,深房开字(2014)790号,深圳市规划和国土资源委员会
深圳市金安置业发展有限公司,06273407-7,深房开字(2014)791号,深圳市规划和国土资源委员会
深圳市红荷缇居房地产开发有限公司,56854382-5,深房开字(2014)792号,深圳市规划和国土资源委员会
深圳华强高新产业园投资发展有限公司,07835554-4,深房开字(2014)793号,深圳市规划和国土资源委员会
深圳市浪骑游艇会有限公司,70843406-6,深房开字(2014)794号,深圳市规划和国土资源委员会
深圳市大汉王置业有限公司,61881070-X,深房开字(2014)795号,深圳市规划和国土资源委员会
深圳市万博仕科技有限公司,79256247-3,深房开字(2014)796号,深圳市规划和国土资源委员会
深圳市世基房地产开发有限公司,05049513-6,深房开字(2014)797号,深圳市规划和国土资源委员会
深圳市九州房地产开发有限公司,192479537,深房开字(2014)798号,深圳市规划和国土资源委员会
深圳市鹏广达置业有限公司,68377336-x,深房开字(2014)799号,深圳市规划和国土资源委员会
深圳市山厦股份合作公司,19247386-4,深房开字(2014)800号,深圳市规划和国土资源委员会
深圳市润科房地产开发有限公司,55389882-4,深房开字(2014)801号,深圳市规划和国土资源委员会
深圳金利通投资有限公司,59301202-2,深房开字(2014)802号,深圳市规划和国土资源委员会
深圳市坪山新区城市建设投资有限公司,69907901-4,深房开字(2014)803号,深圳市规划和国土资源委员会
深圳市卓越宝中房地产开发有限公司,08839122-8,深房开字(2014)804号,深圳市规划和国土资源委员会
深圳华谊兄弟文化创意产业有限公司,05398058-3,深房开字(2014)805号,深圳市规划和国土资源委员会
深圳市特区建设发展集团有限公司,58271693-X,深房开字(2014)806号,深圳市规划和国土资源委员会
深圳市瑞和佳源房地产开发有限公司,69906076-X,深房开字(2014)807号,深圳市规划和国土资源委员会
深圳市龙嘉房地产有限公司,77987366-4,深房开字(2014)808号,深圳市规划和国土资源委员会
深圳市国惠康国泰房地产开发有限公司,67188097-7,深房开字(2014)809号,深圳市规划和国土资源委员会
深圳市中海德投资发展有限公司,08126260-X,深房开字(2014)810号,深圳市规划和国土资源委员会
深圳市德润创展房地产开发有限公司,06717121-8,深房开字(2014)811号,深圳市规划和国土资源委员会
深圳市大新尚盛投资有限公司,06270399-1,深房开字(2014)812号,深圳市规划和国土资源委员会
深圳市利安投资发展有限公司,66100954-7,深房开字(2014)813号,深圳市规划和国土资源委员会
深圳市龙岗区投资管理有限公司,279522710,深房开字(2014)814号,深圳市规划和国土资源委员会
深圳招商商业发展有限公司,67484209-5,深房开字(2014)815号,深圳市规划和国土资源委员会
深圳朗朗集团有限公司,72857202-8,深房开字(2014)816号,深圳市规划和国土资源委员会
深圳市腾凯实业有限公司,19245300-3,深房开字(2014)817号,深圳市规划和国土资源委员会
深圳市中通永安置地有限公司,30597084-1,深房开字(2014)818号,深圳市规划和国土资源委员会
深圳市喜盈盈投资有限公司,05275932-6,深房开字(2014)819号,深圳市规划和国土资源委员会
深圳市红荷新城房地产开发有限公司,56852683-0,深房开字(2014)820号,深圳市规划和国土资源委员会
深圳市中天美景地产投资有限公司,08833110-2,深房开字(2014)821号,深圳市规划和国土资源委员会
深圳市恒明珠房地产开发有限公司,27927366-2,深房开字(2014)822号,深圳市规划和国土资源委员会
深圳市金骏房地产有限公司,30599127-1,深房开字(2014)823号,深圳市规划和国土资源委员会
深圳市向西雍睦豪庭房地产开发有限公司,58790081-6,深房开字(2014)824号,深圳市规划和国土资源委员会
